Date,Year,Quarter,Month,Revenue,Expenses,Profit,Profit Margin,Region,Department
2023-01-01,2023,2023Q1,1,49486,28928,20558,0.42,North,Marketing
2023-01-02,2023,2023Q1,1,41159,14040,27119,0.66,West,IT
2023-01-02,2023,2023Q1,1,44666,19633,25033,0.56,East,IT
2023-01-02,2023,2023Q1,1,19388,12181,7207,0.37,West,Finance
2023-01-05,2023,2023Q1,1,6622,37153,-30531,-4.61,East,Operations
2023-01-05,2023,2023Q1,1,11168,3742,7426,0.66,South,Marketing
2023-01-08,2023,2023Q1,1,49413,20133,29280,0.59,West,Operations
2023-01-09,2023,2023Q1,1,10295,4096,6199,0.6,West,Finance
2023-01-09,2023,2023Q1,1,15789,35755,-19966,-1.26,South,Operations
2023-01-10,2023,2023Q1,1,43827,13531,30296,0.69,East,Finance
2023-01-12,2023,2023Q1,1,12564,38068,-25504,-2.03,East,Operations
2023-01-12,2023,2023Q1,1,8342,11369,-3027,-0.36,South,Marketing
2023-01-14,2023,2023Q1,1,11949,35282,-23333,-1.95,South,Operations
2023-01-15,2023,2023Q1,1,17910,27619,-9709,-0.54,East,IT
2023-01-15,2023,2023Q1,1,28624,25279,3345,0.12,East,IT
2023-01-16,2023,2023Q1,1,16122,36964,-20842,-1.29,North,Operations
2023-01-17,2023,2023Q1,1,38719,26837,11882,0.31,East,Finance
2023-01-18,2023,2023Q1,1,20708,7901,12807,0.62,West,IT
2023-01-19,2023,2023Q1,1,39157,14693,24464,0.62,East,Marketing
2023-01-20,2023,2023Q1,1,34378,11074,23304,0.68,North,IT
2023-01-21,2023,2023Q1,1,9158,11208,-2050,-0.22,North,Marketing
2023-01-21,2023,2023Q1,1,44764,34975,9789,0.22,North,IT
2023-01-22,2023,2023Q1,1,43765,29424,14341,0.33,North,Marketing
2023-01-22,2023,2023Q1,1,9971,17901,-7930,-0.8,South,IT
2023-01-23,2023,2023Q1,1,16918,25953,-9035,-0.53,North,Operations
2023-01-25,2023,2023Q1,1,12287,14448,-2161,-0.18,East,Operations
2023-01-27,2023,2023Q1,1,15395,15395,0,0.0,South,Operations
2023-01-28,2023,2023Q1,1,33746,30625,3121,0.09,West,Finance
2023-01-28,2023,2023Q1,1,9621,34419,-24798,-2.58,North,Operations
2023-01-29,2023,2023Q1,1,31572,25252,6320,0.2,South,Operations
2023-02-02,2023,2023Q1,2,12973,25197,-12224,-0.94,North,Marketing
2023-02-02,2023,2023Q1,2,24181,7724,16457,0.68,West,IT
2023-02-04,2023,2023Q1,2,44811,20311,24500,0.55,South,Operations
2023-02-04,2023,2023Q1,2,13502,23727,-10225,-0.76,North,Finance
2023-02-05,2023,2023Q1,2,16613,11110,5503,0.33,North,Marketing
2023-02-05,2023,2023Q1,2,20358,30861,-10503,-0.52,North,Finance
2023-02-06,2023,2023Q1,2,19153,18014,1139,0.06,North,Finance
2023-02-06,2023,2023Q1,2,23449,27169,-3720,-0.16,East,Finance
2023-02-06,2023,2023Q1,2,14155,17379,-3224,-0.23,South,Marketing
2023-02-07,2023,2023Q1,2,10299,39211,-28912,-2.81,South,IT
2023-02-08,2023,2023Q1,2,31123,34262,-3139,-0.1,West,Finance
2023-02-08,2023,2023Q1,2,9425,22733,-13308,-1.41,East,Finance
2023-02-08,2023,2023Q1,2,28874,32268,-3394,-0.12,North,Marketing
2023-02-10,2023,2023Q1,2,49923,27643,22280,0.45,West,Operations
2023-02-10,2023,2023Q1,2,44577,22939,21638,0.49,North,Operations
2023-02-10,2023,2023Q1,2,31329,21975,9354,0.3,West,IT
2023-02-11,2023,2023Q1,2,22602,30272,-7670,-0.34,West,Operations
2023-02-12,2023,2023Q1,2,33535,18406,15129,0.45,South,IT
2023-02-15,2023,2023Q1,2,25908,7435,18473,0.71,North,Operations
2023-02-16,2023,2023Q1,2,40772,34125,6647,0.16,North,IT
2023-02-16,2023,2023Q1,2,35987,26345,9642,0.27,East,Finance
2023-02-16,2023,2023Q1,2,36598,14722,21876,0.6,East,Finance
2023-02-17,2023,2023Q1,2,43638,13083,30555,0.7,North,Marketing
2023-02-18,2023,2023Q1,2,7482,38035,-30553,-4.08,North,Operations
2023-02-20,2023,2023Q1,2,40954,16818,24136,0.59,West,IT
2023-02-22,2023,2023Q1,2,27180,24740,2440,0.09,West,Finance
2023-02-22,2023,2023Q1,2,5077,13556,-8479,-1.67,West,Marketing
2023-02-22,2023,2023Q1,2,28061,13171,14890,0.53,North,IT
2023-02-23,2023,2023Q1,2,31665,25177,6488,0.2,West,Operations
2023-02-23,2023,2023Q1,2,12783,6358,6425,0.5,North,Marketing
2023-02-27,2023,2023Q1,2,29063,27000,2063,0.07,West,Marketing
2023-02-27,2023,2023Q1,2,36966,38727,-1761,-0.05,East,Operations
2023-02-27,2023,2023Q1,2,12491,21446,-8955,-0.72,South,Finance
2023-02-27,2023,2023Q1,2,26792,10080,16712,0.62,East,Marketing
2023-02-28,2023,2023Q1,2,47783,12361,35422,0.74,South,Operations
2023-03-03,2023,2023Q1,3,19561,13005,6556,0.34,North,Marketing
2023-03-04,2023,2023Q1,3,18568,31052,-12484,-0.67,West,Operations
2023-03-06,2023,2023Q1,3,15488,13561,1927,0.12,South,Marketing
2023-03-10,2023,2023Q1,3,29578,35787,-6209,-0.21,North,IT
2023-03-10,2023,2023Q1,3,11960,13824,-1864,-0.16,West,Operations
2023-03-11,2023,2023Q1,3,7808,11833,-4025,-0.52,East,Marketing
2023-03-13,2023,2023Q1,3,13415,36531,-23116,-1.72,West,Finance
2023-03-15,2023,2023Q1,3,46873,27279,19594,0.42,South,Marketing
2023-03-16,2023,2023Q1,3,23155,15944,7211,0.31,East,IT
2023-03-17,2023,2023Q1,3,20876,31411,-10535,-0.5,West,Finance
2023-03-17,2023,2023Q1,3,39020,31956,7064,0.18,North,Marketing
2023-03-21,2023,2023Q1,3,42567,20474,22093,0.52,South,Marketing
2023-03-22,2023,2023Q1,3,26833,4356,22477,0.84,East,Finance
2023-03-22,2023,2023Q1,3,24019,13207,10812,0.45,West,Finance
2023-03-27,2023,2023Q1,3,29818,3969,25849,0.87,East,IT
2023-03-27,2023,2023Q1,3,25581,25888,-307,-0.01,East,Marketing
2023-03-29,2023,2023Q1,3,15344,28589,-13245,-0.86,West,IT
2023-03-31,2023,2023Q1,3,44214,8823,35391,0.8,West,Operations
2023-03-31,2023,2023Q1,3,34430,5081,29349,0.85,South,Operations
2023-04-01,2023,2023Q2,4,41766,17892,23874,0.57,North,Marketing
2023-04-02,2023,2023Q2,4,22715,12326,10389,0.46,East,Marketing
2023-04-02,2023,2023Q2,4,34975,35187,-212,-0.01,East,IT
2023-04-04,2023,2023Q2,4,26520,8979,17541,0.66,North,Finance
2023-04-06,2023,2023Q2,4,20850,24614,-3764,-0.18,South,Operations
2023-04-06,2023,2023Q2,4,15554,35997,-20443,-1.31,East,Marketing
2023-04-06,2023,2023Q2,4,29557,4023,25534,0.86,West,Operations
2023-04-09,2023,2023Q2,4,39801,25705,14096,0.35,South,Operations
2023-04-09,2023,2023Q2,4,12311,33982,-21671,-1.76,East,Finance
2023-04-09,2023,2023Q2,4,17999,28122,-10123,-0.56,South,Finance
2023-04-09,2023,2023Q2,4,39674,18959,20715,0.52,East,Marketing
2023-04-09,2023,2023Q2,4,16485,33750,-17265,-1.05,East,Operations
2023-04-09,2023,2023Q2,4,33831,23621,10210,0.3,West,IT
2023-04-09,2023,2023Q2,4,44964,12106,32858,0.73,North,Operations
2023-04-10,2023,2023Q2,4,9806,29413,-19607,-2.0,North,Finance
2023-04-10,2023,2023Q2,4,13702,31009,-17307,-1.26,West,IT
2023-04-13,2023,2023Q2,4,45809,2671,43138,0.94,West,Finance
2023-04-13,2023,2023Q2,4,34548,2526,32022,0.93,North,Marketing
2023-04-14,2023,2023Q2,4,17175,35613,-18438,-1.07,East,IT
2023-04-14,2023,2023Q2,4,20343,33007,-12664,-0.62,South,Finance
2023-04-16,2023,2023Q2,4,44037,39412,4625,0.11,West,IT
2023-04-16,2023,2023Q2,4,25609,30380,-4771,-0.19,South,Marketing
2023-04-17,2023,2023Q2,4,39961,15547,24414,0.61,East,Operations
2023-04-19,2023,2023Q2,4,48642,10329,38313,0.79,East,Operations
2023-04-22,2023,2023Q2,4,46563,16210,30353,0.65,West,Marketing
2023-04-23,2023,2023Q2,4,31614,25616,5998,0.19,North,Operations
2023-04-23,2023,2023Q2,4,6908,30144,-23236,-3.36,East,Marketing
2023-04-23,2023,2023Q2,4,10415,37757,-27342,-2.63,East,Operations
2023-04-25,2023,2023Q2,4,44974,33656,11318,0.25,East,IT
2023-04-26,2023,2023Q2,4,17342,14686,2656,0.15,South,Finance
2023-04-27,2023,2023Q2,4,12059,17352,-5293,-0.44,South,IT
2023-04-27,2023,2023Q2,4,36463,22281,14182,0.39,North,IT
2023-04-28,2023,2023Q2,4,29058,6940,22118,0.76,South,Operations
2023-04-30,2023,2023Q2,4,26172,32911,-6739,-0.26,South,Marketing
2023-04-30,2023,2023Q2,4,49241,30482,18759,0.38,South,IT
2023-05-02,2023,2023Q2,5,33087,16939,16148,0.49,South,Operations
2023-05-02,2023,2023Q2,5,11970,37201,-25231,-2.11,North,Operations
2023-05-03,2023,2023Q2,5,44711,6431,38280,0.86,East,Operations
2023-05-04,2023,2023Q2,5,9018,25171,-16153,-1.79,West,Operations
2023-05-05,2023,2023Q2,5,41801,36317,5484,0.13,East,Operations
2023-05-06,2023,2023Q2,5,38062,33358,4704,0.12,West,Operations
2023-05-07,2023,2023Q2,5,7711,29425,-21714,-2.82,North,Finance
2023-05-08,2023,2023Q2,5,24846,10286,14560,0.59,East,IT
2023-05-09,2023,2023Q2,5,24262,6648,17614,0.73,West,IT
2023-05-10,2023,2023Q2,5,28930,18353,10577,0.37,West,IT
2023-05-11,2023,2023Q2,5,7443,23400,-15957,-2.14,East,Marketing
2023-05-11,2023,2023Q2,5,45943,8154,37789,0.82,West,Operations
2023-05-11,2023,2023Q2,5,24758,26826,-2068,-0.08,South,Operations
2023-05-12,2023,2023Q2,5,27534,30047,-2513,-0.09,West,Operations
2023-05-13,2023,2023Q2,5,47520,20994,26526,0.56,East,Finance
2023-05-14,2023,2023Q2,5,23271,35365,-12094,-0.52,West,IT
2023-05-15,2023,2023Q2,5,20034,14588,5446,0.27,North,Marketing
2023-05-15,2023,2023Q2,5,45738,27592,18146,0.4,West,Operations
2023-05-19,2023,2023Q2,5,19178,36414,-17236,-0.9,East,Operations
2023-05-23,2023,2023Q2,5,35678,10535,25143,0.7,North,Marketing
2023-05-23,2023,2023Q2,5,22771,5292,17479,0.77,East,Finance
2023-05-24,2023,2023Q2,5,23381,15467,7914,0.34,North,Marketing
2023-05-24,2023,2023Q2,5,30425,11518,18907,0.62,North,IT
2023-05-24,2023,2023Q2,5,22674,16472,6202,0.27,East,IT
2023-05-24,2023,2023Q2,5,40659,2145,38514,0.95,North,IT
2023-05-25,2023,2023Q2,5,46752,15489,31263,0.67,North,Marketing
2023-05-27,2023,2023Q2,5,14446,36566,-22120,-1.53,South,Operations
2023-05-28,2023,2023Q2,5,5922,23675,-17753,-3.0,East,Finance
2023-05-29,2023,2023Q2,5,28821,25481,3340,0.12,West,Marketing
2023-05-30,2023,2023Q2,5,46196,33174,13022,0.28,North,Finance
2023-05-31,2023,2023Q2,5,49641,20509,29132,0.59,North,Finance
2023-05-31,2023,2023Q2,5,11371,37993,-26622,-2.34,West,Finance
2023-06-01,2023,2023Q2,6,15380,19727,-4347,-0.28,West,Marketing
2023-06-02,2023,2023Q2,6,49327,39957,9370,0.19,North,Marketing
2023-06-03,2023,2023Q2,6,25587,12759,12828,0.5,North,IT
2023-06-04,2023,2023Q2,6,39911,9967,29944,0.75,East,Operations
2023-06-06,2023,2023Q2,6,21282,28723,-7441,-0.35,West,Operations
2023-06-07,2023,2023Q2,6,7717,12382,-4665,-0.6,West,IT
2023-06-09,2023,2023Q2,6,48879,29042,19837,0.41,North,Operations
2023-06-09,2023,2023Q2,6,41062,16571,24491,0.6,West,Finance
2023-06-09,2023,2023Q2,6,18918,14115,4803,0.25,West,IT
2023-06-10,2023,2023Q2,6,21438,7656,13782,0.64,North,Marketing
2023-06-10,2023,2023Q2,6,42430,10533,31897,0.75,East,IT
2023-06-10,2023,2023Q2,6,9809,11127,-1318,-0.13,West,Operations
2023-06-11,2023,2023Q2,6,11238,32027,-20789,-1.85,North,Finance
2023-06-12,2023,2023Q2,6,20585,25284,-4699,-0.23,East,Operations
2023-06-12,2023,2023Q2,6,41185,6255,34930,0.85,East,Finance
2023-06-14,2023,2023Q2,6,39080,17261,21819,0.56,East,IT
2023-06-16,2023,2023Q2,6,47534,20681,26853,0.56,East,Marketing
2023-06-16,2023,2023Q2,6,42441,13653,28788,0.68,North,Operations
2023-06-17,2023,2023Q2,6,17651,20037,-2386,-0.14,South,Marketing
2023-06-17,2023,2023Q2,6,14516,15493,-977,-0.07,East,Finance
2023-06-19,2023,2023Q2,6,7396,19069,-11673,-1.58,East,Finance
2023-06-20,2023,2023Q2,6,11767,8570,3197,0.27,South,Operations
2023-06-21,2023,2023Q2,6,32965,19826,13139,0.4,West,Operations
2023-06-22,2023,2023Q2,6,26727,9927,16800,0.63,East,Finance
2023-06-22,2023,2023Q2,6,25953,35340,-9387,-0.36,West,Marketing
2023-06-23,2023,2023Q2,6,26452,4839,21613,0.82,South,IT
2023-06-25,2023,2023Q2,6,11150,14330,-3180,-0.29,North,Marketing
2023-06-26,2023,2023Q2,6,16593,2541,14052,0.85,South,IT
2023-06-27,2023,2023Q2,6,37196,18280,18916,0.51,West,Operations
2023-06-29,2023,2023Q2,6,17182,4461,12721,0.74,East,Finance
2023-06-30,2023,2023Q2,6,43000,10325,32675,0.76,South,Operations
2023-07-01,2023,2023Q3,7,41509,4643,36866,0.89,West,Operations
2023-07-03,2023,2023Q3,7,33173,35174,-2001,-0.06,South,Marketing
2023-07-05,2023,2023Q3,7,42784,8397,34387,0.8,South,IT
2023-07-06,2023,2023Q3,7,16302,36905,-20603,-1.26,East,Marketing
2023-07-07,2023,2023Q3,7,23777,35297,-11520,-0.48,South,IT
2023-07-08,2023,2023Q3,7,40111,20052,20059,0.5,South,IT
2023-07-09,2023,2023Q3,7,11469,21508,-10039,-0.88,North,Finance
2023-07-09,2023,2023Q3,7,37049,3925,33124,0.89,East,Finance
2023-07-09,2023,2023Q3,7,18281,18376,-95,-0.01,West,Finance
2023-07-09,2023,2023Q3,7,20152,35848,-15696,-0.78,East,Finance
2023-07-09,2023,2023Q3,7,40367,29605,10762,0.27,South,Operations
2023-07-10,2023,2023Q3,7,45806,26226,19580,0.43,South,Marketing
2023-07-10,2023,2023Q3,7,38339,27000,11339,0.3,West,Operations
2023-07-11,2023,2023Q3,7,31838,20073,11765,0.37,South,IT
2023-07-11,2023,2023Q3,7,38933,11596,27337,0.7,North,Finance
2023-07-11,2023,2023Q3,7,28524,32811,-4287,-0.15,East,Marketing
2023-07-13,2023,2023Q3,7,35561,3619,31942,0.9,West,IT
2023-07-14,2023,2023Q3,7,30150,30982,-832,-0.03,West,IT
2023-07-15,2023,2023Q3,7,34629,21363,13266,0.38,East,Operations
2023-07-15,2023,2023Q3,7,21725,2163,19562,0.9,East,Operations
2023-07-17,2023,2023Q3,7,14184,9151,5033,0.35,West,Marketing
2023-07-20,2023,2023Q3,7,31727,14289,17438,0.55,East,IT
2023-07-20,2023,2023Q3,7,22175,34658,-12483,-0.56,East,IT
2023-07-20,2023,2023Q3,7,10126,38142,-28016,-2.77,South,IT
2023-07-21,2023,2023Q3,7,11090,9005,2085,0.19,East,Marketing
2023-07-22,2023,2023Q3,7,34287,26596,7691,0.22,West,Marketing
2023-07-22,2023,2023Q3,7,16939,14485,2454,0.14,West,Finance
2023-07-23,2023,2023Q3,7,6341,8910,-2569,-0.41,East,Marketing
2023-07-25,2023,2023Q3,7,24856,30380,-5524,-0.22,South,Finance
2023-07-26,2023,2023Q3,7,19369,27892,-8523,-0.44,South,IT
2023-07-27,2023,2023Q3,7,29938,9421,20517,0.69,West,Marketing
2023-08-01,2023,2023Q3,8,26195,3633,22562,0.86,East,Marketing
2023-08-03,2023,2023Q3,8,30559,19833,10726,0.35,South,Marketing
2023-08-03,2023,2023Q3,8,26168,31759,-5591,-0.21,West,Operations
2023-08-05,2023,2023Q3,8,44144,19778,24366,0.55,West,Marketing
2023-08-05,2023,2023Q3,8,37123,18087,19036,0.51,West,Finance
2023-08-05,2023,2023Q3,8,8738,19015,-10277,-1.18,North,Operations
2023-08-06,2023,2023Q3,8,29791,22131,7660,0.26,West,Finance
2023-08-06,2023,2023Q3,8,47563,20309,27254,0.57,South,Operations
2023-08-08,2023,2023Q3,8,10951,30441,-19490,-1.78,North,IT
2023-08-08,2023,2023Q3,8,9090,27538,-18448,-2.03,South,IT
2023-08-08,2023,2023Q3,8,6136,13929,-7793,-1.27,East,Marketing
2023-08-08,2023,2023Q3,8,7079,26981,-19902,-2.81,West,Finance
2023-08-11,2023,2023Q3,8,27297,16291,11006,0.4,East,Operations
2023-08-11,2023,2023Q3,8,33841,26570,7271,0.21,North,Marketing
2023-08-13,2023,2023Q3,8,28325,3177,25148,0.89,West,Finance
2023-08-13,2023,2023Q3,8,35105,15380,19725,0.56,West,IT
2023-08-13,2023,2023Q3,8,27422,3667,23755,0.87,South,IT
2023-08-14,2023,2023Q3,8,21241,22421,-1180,-0.06,North,Finance
2023-08-15,2023,2023Q3,8,32632,9843,22789,0.7,North,Marketing
2023-08-15,2023,2023Q3,8,40196,16357,23839,0.59,South,Operations
2023-08-17,2023,2023Q3,8,26730,15140,11590,0.43,South,Marketing
2023-08-18,2023,2023Q3,8,46755,7105,39650,0.85,South,Operations
2023-08-18,2023,2023Q3,8,24956,31301,-6345,-0.25,North,IT
2023-08-19,2023,2023Q3,8,37043,15598,21445,0.58,West,Marketing
2023-08-19,2023,2023Q3,8,31900,25857,6043,0.19,South,IT
2023-08-19,2023,2023Q3,8,21748,23927,-2179,-0.1,East,Marketing
2023-08-21,2023,2023Q3,8,19231,28200,-8969,-0.47,North,IT
2023-08-21,2023,2023Q3,8,32570,14924,17646,0.54,North,IT
2023-08-21,2023,2023Q3,8,49165,25711,23454,0.48,North,Marketing
2023-08-21,2023,2023Q3,8,48513,12258,36255,0.75,East,Operations
2023-08-22,2023,2023Q3,8,7219,6114,1105,0.15,North,Finance
2023-08-23,2023,2023Q3,8,38742,7017,31725,0.82,South,IT
2023-08-25,2023,2023Q3,8,45385,30082,15303,0.34,East,Marketing
2023-08-29,2023,2023Q3,8,39529,31856,7673,0.19,South,Marketing
2023-08-30,2023,2023Q3,8,49859,39711,10148,0.2,North,Finance
2023-08-30,2023,2023Q3,8,47289,23288,24001,0.51,South,Operations
2023-08-31,2023,2023Q3,8,18046,14595,3451,0.19,South,IT
2023-09-01,2023,2023Q3,9,47808,5389,42419,0.89,West,Operations
2023-09-03,2023,2023Q3,9,22327,20268,2059,0.09,South,IT
2023-09-04,2023,2023Q3,9,29354,30138,-784,-0.03,North,Finance
2023-09-04,2023,2023Q3,9,23520,18173,5347,0.23,West,Finance
2023-09-08,2023,2023Q3,9,20251,8530,11721,0.58,South,Operations
2023-09-09,2023,2023Q3,9,15161,8563,6598,0.44,North,IT
2023-09-09,2023,2023Q3,9,17713,9896,7817,0.44,North,Marketing
2023-09-10,2023,2023Q3,9,39816,20333,19483,0.49,East,IT
2023-09-10,2023,2023Q3,9,41444,23384,18060,0.44,West,Marketing
2023-09-10,2023,2023Q3,9,18087,8721,9366,0.52,South,IT
2023-09-10,2023,2023Q3,9,14323,24656,-10333,-0.72,West,IT
2023-09-10,2023,2023Q3,9,8020,17078,-9058,-1.13,West,IT
2023-09-11,2023,2023Q3,9,44887,11503,33384,0.74,North,IT
2023-09-11,2023,2023Q3,9,39884,16996,22888,0.57,West,Marketing
2023-09-11,2023,2023Q3,9,5126,14323,-9197,-1.79,North,IT
2023-09-13,2023,2023Q3,9,22434,39991,-17557,-0.78,North,Operations
2023-09-13,2023,2023Q3,9,45411,10984,34427,0.76,East,Marketing
2023-09-15,2023,2023Q3,9,46786,35069,11717,0.25,North,Marketing
2023-09-16,2023,2023Q3,9,19288,36622,-17334,-0.9,East,Operations
2023-09-16,2023,2023Q3,9,6828,23592,-16764,-2.46,South,Operations
2023-09-20,2023,2023Q3,9,19382,38041,-18659,-0.96,North,Operations
2023-09-21,2023,2023Q3,9,44952,32784,12168,0.27,North,IT
2023-09-22,2023,2023Q3,9,13245,7469,5776,0.44,East,Marketing
2023-09-25,2023,2023Q3,9,22988,14178,8810,0.38,East,Finance
2023-09-25,2023,2023Q3,9,7983,3724,4259,0.53,North,Operations
2023-09-26,2023,2023Q3,9,29027,23223,5804,0.2,East,Operations
2023-09-27,2023,2023Q3,9,29071,10595,18476,0.64,South,Operations
2023-09-28,2023,2023Q3,9,32712,30541,2171,0.07,South,Marketing
2023-09-28,2023,2023Q3,9,23271,38221,-14950,-0.64,East,Marketing
2023-09-29,2023,2023Q3,9,20048,13280,6768,0.34,South,Operations
2023-09-30,2023,2023Q3,9,34757,29523,5234,0.15,East,Finance
2023-10-01,2023,2023Q4,10,31698,29961,1737,0.05,West,IT
2023-10-04,2023,2023Q4,10,14524,11686,2838,0.2,South,Marketing
2023-10-04,2023,2023Q4,10,43356,28342,15014,0.35,East,IT
2023-10-04,2023,2023Q4,10,15916,10905,5011,0.31,East,Finance
2023-10-04,2023,2023Q4,10,8430,36546,-28116,-3.34,West,Marketing
2023-10-06,2023,2023Q4,10,46898,5586,41312,0.88,South,Marketing
2023-10-07,2023,2023Q4,10,10984,38914,-27930,-2.54,South,IT
2023-10-07,2023,2023Q4,10,38536,23932,14604,0.38,South,Marketing
2023-10-10,2023,2023Q4,10,41976,38059,3917,0.09,South,Operations
2023-10-10,2023,2023Q4,10,24097,34916,-10819,-0.45,East,Operations
2023-10-11,2023,2023Q4,10,24816,12699,12117,0.49,East,Marketing
2023-10-12,2023,2023Q4,10,28051,37144,-9093,-0.32,South,Marketing
2023-10-12,2023,2023Q4,10,49547,7926,41621,0.84,West,Operations
2023-10-15,2023,2023Q4,10,44986,7772,37214,0.83,West,Operations
2023-10-16,2023,2023Q4,10,33699,37984,-4285,-0.13,South,IT
2023-10-16,2023,2023Q4,10,7421,5983,1438,0.19,West,Finance
2023-10-21,2023,2023Q4,10,11565,10906,659,0.06,East,IT
2023-10-23,2023,2023Q4,10,16314,33860,-17546,-1.08,West,Finance
2023-10-25,2023,2023Q4,10,40996,9227,31769,0.77,South,IT
2023-10-28,2023,2023Q4,10,7469,34591,-27122,-3.63,West,Marketing
2023-10-29,2023,2023Q4,10,11645,9629,2016,0.17,North,Marketing
2023-10-29,2023,2023Q4,10,33687,24663,9024,0.27,East,Operations
2023-10-31,2023,2023Q4,10,38561,19014,19547,0.51,North,Marketing
2023-11-01,2023,2023Q4,11,32082,5750,26332,0.82,East,Finance
2023-11-01,2023,2023Q4,11,46401,6481,39920,0.86,North,IT
2023-11-05,2023,2023Q4,11,17763,22581,-4818,-0.27,South,Finance
2023-11-10,2023,2023Q4,11,39072,11956,27116,0.69,South,Finance
2023-11-10,2023,2023Q4,11,18456,8368,10088,0.55,East,Operations
2023-11-12,2023,2023Q4,11,44649,35662,8987,0.2,West,Marketing
2023-11-12,2023,2023Q4,11,39450,36881,2569,0.07,South,Finance
2023-11-14,2023,2023Q4,11,5009,37941,-32932,-6.57,West,IT
2023-11-17,2023,2023Q4,11,42334,8406,33928,0.8,North,Finance
2023-11-19,2023,2023Q4,11,31399,31984,-585,-0.02,West,Operations
2023-11-19,2023,2023Q4,11,13519,10429,3090,0.23,North,Operations
2023-11-21,2023,2023Q4,11,29070,12736,16334,0.56,South,Finance
2023-11-22,2023,2023Q4,11,6970,22829,-15859,-2.28,East,Operations
2023-11-23,2023,2023Q4,11,25670,10461,15209,0.59,West,Marketing
2023-11-26,2023,2023Q4,11,46846,11283,35563,0.76,East,Finance
2023-11-27,2023,2023Q4,11,25384,22172,3212,0.13,West,IT
2023-11-27,2023,2023Q4,11,43328,31259,12069,0.28,West,Finance
2023-12-02,2023,2023Q4,12,13007,17997,-4990,-0.38,East,Finance
2023-12-04,2023,2023Q4,12,16053,12756,3297,0.21,East,Finance
2023-12-04,2023,2023Q4,12,43141,11435,31706,0.73,North,Finance
2023-12-04,2023,2023Q4,12,42545,28958,13587,0.32,East,Operations
2023-12-05,2023,2023Q4,12,12314,11067,1247,0.1,North,Operations
2023-12-06,2023,2023Q4,12,15209,9179,6030,0.4,North,Operations
2023-12-06,2023,2023Q4,12,5117,38487,-33370,-6.52,South,Finance
2023-12-07,2023,2023Q4,12,17254,23991,-6737,-0.39,West,Marketing
2023-12-08,2023,2023Q4,12,43197,30731,12466,0.29,East,IT
2023-12-08,2023,2023Q4,12,44692,39766,4926,0.11,East,Operations
2023-12-08,2023,2023Q4,12,22685,5716,16969,0.75,West,Finance
2023-12-10,2023,2023Q4,12,15478,28916,-13438,-0.87,North,Operations
2023-12-10,2023,2023Q4,12,37606,34981,2625,0.07,South,Finance
2023-12-12,2023,2023Q4,12,10788,8441,2347,0.22,West,Marketing
2023-12-12,2023,2023Q4,12,11941,38877,-26936,-2.26,East,Finance
2023-12-12,2023,2023Q4,12,8756,39778,-31022,-3.54,North,Finance
2023-12-12,2023,2023Q4,12,30712,8172,22540,0.73,North,Operations
2023-12-14,2023,2023Q4,12,18703,37840,-19137,-1.02,South,IT
2023-12-14,2023,2023Q4,12,47207,31055,16152,0.34,South,Finance
2023-12-14,2023,2023Q4,12,37347,2781,34566,0.93,West,IT
2023-12-15,2023,2023Q4,12,32202,31734,468,0.01,West,Operations
2023-12-15,2023,2023Q4,12,43258,36594,6664,0.15,East,Marketing
2023-12-16,2023,2023Q4,12,9263,31300,-22037,-2.38,West,Operations
2023-12-20,2023,2023Q4,12,24063,14411,9652,0.4,West,Finance
2023-12-23,2023,2023Q4,12,20896,18905,1991,0.1,North,Marketing
2023-12-24,2023,2023Q4,12,28411,7774,20637,0.73,West,IT
2023-12-25,2023,2023Q4,12,6917,8924,-2007,-0.29,South,Finance
2023-12-27,2023,2023Q4,12,10445,36521,-26076,-2.5,South,Marketing
2023-12-31,2023,2023Q4,12,36290,11557,24733,0.68,North,Finance
2023-12-31,2023,2023Q4,12,27359,28116,-757,-0.03,West,Finance
2024-01-02,2024,2024Q1,1,33920,3560,30360,0.9,South,Operations
2024-01-02,2024,2024Q1,1,23850,29386,-5536,-0.23,North,Marketing
2024-01-04,2024,2024Q1,1,48194,4563,43631,0.91,South,Operations
2024-01-04,2024,2024Q1,1,30821,9345,21476,0.7,East,Marketing
2024-01-05,2024,2024Q1,1,34373,9394,24979,0.73,North,Operations
2024-01-08,2024,2024Q1,1,31029,6666,24363,0.79,North,Operations
2024-01-08,2024,2024Q1,1,45034,32015,13019,0.29,West,Operations
2024-01-08,2024,2024Q1,1,27042,32798,-5756,-0.21,West,Marketing
2024-01-08,2024,2024Q1,1,47460,26819,20641,0.43,West,Marketing
2024-01-09,2024,2024Q1,1,6342,27426,-21084,-3.32,East,Marketing
2024-01-10,2024,2024Q1,1,46914,36447,10467,0.22,North,IT
2024-01-11,2024,2024Q1,1,42129,25928,16201,0.38,West,Marketing
2024-01-12,2024,2024Q1,1,31386,10125,21261,0.68,North,Finance
2024-01-14,2024,2024Q1,1,13150,28616,-15466,-1.18,East,Finance
2024-01-15,2024,2024Q1,1,29077,26858,2219,0.08,East,Finance
2024-01-15,2024,2024Q1,1,32693,21342,11351,0.35,East,Marketing
2024-01-19,2024,2024Q1,1,35448,35598,-150,-0.0,North,IT
2024-01-20,2024,2024Q1,1,26204,6760,19444,0.74,East,Operations
2024-01-20,2024,2024Q1,1,47101,28984,18117,0.38,West,IT
2024-01-21,2024,2024Q1,1,28574,31781,-3207,-0.11,West,IT
2024-01-21,2024,2024Q1,1,5235,19824,-14589,-2.79,South,Marketing
2024-01-21,2024,2024Q1,1,36821,30763,6058,0.16,North,Operations
2024-01-22,2024,2024Q1,1,47929,10927,37002,0.77,North,Operations
2024-01-22,2024,2024Q1,1,34257,20322,13935,0.41,East,Marketing
2024-01-23,2024,2024Q1,1,12941,22049,-9108,-0.7,South,Marketing
2024-01-23,2024,2024Q1,1,20781,18405,2376,0.11,North,Finance
2024-01-25,2024,2024Q1,1,8380,23038,-14658,-1.75,South,Finance
2024-01-25,2024,2024Q1,1,10569,18082,-7513,-0.71,North,IT
2024-01-27,2024,2024Q1,1,18224,5374,12850,0.71,East,IT
2024-01-27,2024,2024Q1,1,22022,37046,-15024,-0.68,South,Marketing
2024-01-28,2024,2024Q1,1,9853,30602,-20749,-2.11,South,IT
2024-01-28,2024,2024Q1,1,26389,37262,-10873,-0.41,North,Operations
2024-01-28,2024,2024Q1,1,31069,2968,28101,0.9,East,Operations
2024-01-28,2024,2024Q1,1,23546,9531,14015,0.6,South,Finance
2024-01-29,2024,2024Q1,1,37733,14087,23646,0.63,South,IT
2024-01-31,2024,2024Q1,1,22320,39861,-17541,-0.79,East,Finance
2024-01-31,2024,2024Q1,1,12906,12028,878,0.07,West,Operations
2024-02-01,2024,2024Q1,2,46844,5390,41454,0.88,North,IT
2024-02-01,2024,2024Q1,2,20317,11496,8821,0.43,South,Finance
2024-02-02,2024,2024Q1,2,21616,36707,-15091,-0.7,West,IT
2024-02-02,2024,2024Q1,2,30931,37525,-6594,-0.21,South,Operations
2024-02-02,2024,2024Q1,2,16694,21201,-4507,-0.27,East,Operations
2024-02-04,2024,2024Q1,2,38572,34003,4569,0.12,South,Operations
2024-02-05,2024,2024Q1,2,16954,29764,-12810,-0.76,East,Marketing
2024-02-05,2024,2024Q1,2,39393,2207,37186,0.94,West,IT
2024-02-06,2024,2024Q1,2,12813,32575,-19762,-1.54,North,Operations
2024-02-06,2024,2024Q1,2,29214,30706,-1492,-0.05,East,Operations
2024-02-07,2024,2024Q1,2,20374,10636,9738,0.48,South,Marketing
2024-02-07,2024,2024Q1,2,20524,34779,-14255,-0.69,North,Operations
2024-02-08,2024,2024Q1,2,15457,35537,-20080,-1.3,West,Marketing
2024-02-11,2024,2024Q1,2,45940,8276,37664,0.82,North,Finance
2024-02-11,2024,2024Q1,2,32285,2125,30160,0.93,East,IT
2024-02-12,2024,2024Q1,2,8093,12983,-4890,-0.6,South,IT
2024-02-12,2024,2024Q1,2,13705,28526,-14821,-1.08,North,Marketing
2024-02-13,2024,2024Q1,2,31660,31300,360,0.01,South,IT
2024-02-15,2024,2024Q1,2,44756,2488,42268,0.94,East,IT
2024-02-17,2024,2024Q1,2,15616,21873,-6257,-0.4,East,Marketing
2024-02-18,2024,2024Q1,2,43757,11768,31989,0.73,West,IT
2024-02-19,2024,2024Q1,2,49569,26487,23082,0.47,North,Operations
2024-02-19,2024,2024Q1,2,11359,36084,-24725,-2.18,East,Finance
2024-02-19,2024,2024Q1,2,45329,34972,10357,0.23,West,Operations
2024-02-20,2024,2024Q1,2,22449,28966,-6517,-0.29,East,Finance
2024-02-21,2024,2024Q1,2,28510,10894,17616,0.62,West,Operations
2024-02-22,2024,2024Q1,2,35586,13329,22257,0.63,South,IT
2024-02-23,2024,2024Q1,2,13717,5814,7903,0.58,East,Operations
2024-02-24,2024,2024Q1,2,44915,35893,9022,0.2,South,Operations
2024-02-24,2024,2024Q1,2,44837,17379,27458,0.61,North,Operations
2024-02-26,2024,2024Q1,2,25695,3431,22264,0.87,East,IT
2024-02-26,2024,2024Q1,2,42219,12793,29426,0.7,East,Finance
2024-03-02,2024,2024Q1,3,21514,5754,15760,0.73,West,Marketing
2024-03-03,2024,2024Q1,3,9637,28745,-19108,-1.98,West,IT
2024-03-07,2024,2024Q1,3,10895,7978,2917,0.27,North,Finance
2024-03-10,2024,2024Q1,3,14650,30270,-15620,-1.07,West,IT
2024-03-11,2024,2024Q1,3,42892,5224,37668,0.88,East,IT
2024-03-13,2024,2024Q1,3,33734,34376,-642,-0.02,East,Operations
2024-03-14,2024,2024Q1,3,14510,15178,-668,-0.05,South,Marketing
2024-03-16,2024,2024Q1,3,49064,13407,35657,0.73,South,Marketing
2024-03-17,2024,2024Q1,3,47078,36958,10120,0.21,West,Marketing
2024-03-17,2024,2024Q1,3,49813,20544,29269,0.59,West,Operations
2024-03-19,2024,2024Q1,3,43243,26022,17221,0.4,North,IT
2024-03-20,2024,2024Q1,3,27890,7347,20543,0.74,South,Marketing
2024-03-20,2024,2024Q1,3,32376,15428,16948,0.52,East,Operations
2024-03-22,2024,2024Q1,3,5060,30903,-25843,-5.11,East,Marketing
2024-03-25,2024,2024Q1,3,22343,21909,434,0.02,North,Finance
2024-03-26,2024,2024Q1,3,15177,16289,-1112,-0.07,South,IT
2024-03-28,2024,2024Q1,3,26566,7782,18784,0.71,South,IT
2024-03-28,2024,2024Q1,3,25491,22669,2822,0.11,East,Marketing
2024-03-28,2024,2024Q1,3,17298,4852,12446,0.72,North,IT
2024-03-30,2024,2024Q1,3,47318,19650,27668,0.58,West,Marketing
2024-03-30,2024,2024Q1,3,12214,30854,-18640,-1.53,North,IT
2024-03-31,2024,2024Q1,3,42311,22644,19667,0.46,North,Marketing
2024-03-31,2024,2024Q1,3,41034,35723,5311,0.13,West,IT
2024-03-31,2024,2024Q1,3,37254,21614,15640,0.42,West,Finance
2024-04-01,2024,2024Q2,4,7050,19081,-12031,-1.71,West,Finance
2024-04-03,2024,2024Q2,4,23017,38935,-15918,-0.69,North,Operations
2024-04-04,2024,2024Q2,4,13070,5083,7987,0.61,West,Finance
2024-04-04,2024,2024Q2,4,37201,24431,12770,0.34,North,Finance
2024-04-05,2024,2024Q2,4,28275,3058,25217,0.89,North,Marketing
2024-04-05,2024,2024Q2,4,28019,4551,23468,0.84,South,IT
2024-04-06,2024,2024Q2,4,38434,17282,21152,0.55,West,Marketing
2024-04-06,2024,2024Q2,4,44056,28155,15901,0.36,South,Marketing
2024-04-08,2024,2024Q2,4,46157,36054,10103,0.22,West,Marketing
2024-04-11,2024,2024Q2,4,11938,18967,-7029,-0.59,East,Marketing
2024-04-13,2024,2024Q2,4,42443,20394,22049,0.52,East,Operations
2024-04-14,2024,2024Q2,4,11783,12754,-971,-0.08,North,Marketing
2024-04-15,2024,2024Q2,4,48861,36171,12690,0.26,West,IT
2024-04-15,2024,2024Q2,4,11540,39823,-28283,-2.45,East,Operations
2024-04-16,2024,2024Q2,4,32534,3367,29167,0.9,West,IT
2024-04-16,2024,2024Q2,4,34721,32523,2198,0.06,East,Finance
2024-04-17,2024,2024Q2,4,28710,33401,-4691,-0.16,South,Operations
2024-04-17,2024,2024Q2,4,25530,33367,-7837,-0.31,North,IT
2024-04-17,2024,2024Q2,4,27700,33890,-6190,-0.22,North,Operations
2024-04-18,2024,2024Q2,4,16046,26817,-10771,-0.67,West,Finance
2024-04-18,2024,2024Q2,4,5338,27227,-21889,-4.1,North,Marketing
2024-04-19,2024,2024Q2,4,30510,30927,-417,-0.01,East,Finance
2024-04-19,2024,2024Q2,4,42744,34857,7887,0.18,North,Operations
2024-04-20,2024,2024Q2,4,17987,7432,10555,0.59,West,IT
2024-04-20,2024,2024Q2,4,12239,2105,10134,0.83,South,Marketing
2024-04-21,2024,2024Q2,4,11254,16025,-4771,-0.42,North,Operations
2024-04-21,2024,2024Q2,4,21032,39947,-18915,-0.9,East,Finance
2024-04-21,2024,2024Q2,4,32952,6437,26515,0.8,North,IT
2024-04-25,2024,2024Q2,4,36195,18163,18032,0.5,South,Marketing
2024-04-28,2024,2024Q2,4,39701,36501,3200,0.08,East,Finance
2024-04-29,2024,2024Q2,4,20254,37198,-16944,-0.84,South,Operations
2024-04-29,2024,2024Q2,4,33024,3239,29785,0.9,North,Finance
2024-05-02,2024,2024Q2,5,37921,9788,28133,0.74,West,Marketing
2024-05-03,2024,2024Q2,5,6120,24668,-18548,-3.03,West,Marketing
2024-05-04,2024,2024Q2,5,49247,15760,33487,0.68,North,Marketing
2024-05-04,2024,2024Q2,5,26591,13871,12720,0.48,East,IT
2024-05-06,2024,2024Q2,5,14860,5762,9098,0.61,East,Marketing
2024-05-06,2024,2024Q2,5,45996,21715,24281,0.53,West,Finance
2024-05-07,2024,2024Q2,5,24895,28832,-3937,-0.16,South,Finance
2024-05-07,2024,2024Q2,5,47928,29490,18438,0.38,West,IT
2024-05-10,2024,2024Q2,5,7139,29037,-21898,-3.07,North,Marketing
2024-05-11,2024,2024Q2,5,34398,25911,8487,0.25,West,IT
2024-05-11,2024,2024Q2,5,33865,13421,20444,0.6,North,Operations
2024-05-11,2024,2024Q2,5,33253,39574,-6321,-0.19,South,Finance
2024-05-13,2024,2024Q2,5,20229,27860,-7631,-0.38,West,Finance
2024-05-13,2024,2024Q2,5,27195,34781,-7586,-0.28,East,Operations
2024-05-14,2024,2024Q2,5,38130,2162,35968,0.94,North,Operations
2024-05-15,2024,2024Q2,5,17984,12805,5179,0.29,South,Finance
2024-05-16,2024,2024Q2,5,31431,28390,3041,0.1,East,Operations
2024-05-17,2024,2024Q2,5,6531,21816,-15285,-2.34,East,Marketing
2024-05-17,2024,2024Q2,5,12561,2619,9942,0.79,West,IT
2024-05-18,2024,2024Q2,5,41980,32137,9843,0.23,West,Operations
2024-05-19,2024,2024Q2,5,6435,8588,-2153,-0.33,South,Finance
2024-05-19,2024,2024Q2,5,24198,15629,8569,0.35,West,Finance
2024-05-20,2024,2024Q2,5,15954,32659,-16705,-1.05,North,IT
2024-05-20,2024,2024Q2,5,27419,39846,-12427,-0.45,South,Operations
2024-05-20,2024,2024Q2,5,12657,27051,-14394,-1.14,North,Finance
2024-05-22,2024,2024Q2,5,40150,8304,31846,0.79,North,Finance
2024-05-23,2024,2024Q2,5,9854,33890,-24036,-2.44,North,Finance
2024-05-24,2024,2024Q2,5,36037,37643,-1606,-0.04,West,Marketing
2024-05-24,2024,2024Q2,5,49409,18456,30953,0.63,North,Finance
2024-05-25,2024,2024Q2,5,30053,14149,15904,0.53,West,Marketing
2024-05-25,2024,2024Q2,5,31292,21675,9617,0.31,West,Marketing
2024-05-25,2024,2024Q2,5,31657,18369,13288,0.42,West,Marketing
2024-05-25,2024,2024Q2,5,39016,38378,638,0.02,South,Marketing
2024-05-26,2024,2024Q2,5,19596,25291,-5695,-0.29,South,IT
2024-05-26,2024,2024Q2,5,29442,39174,-9732,-0.33,East,Operations
2024-05-27,2024,2024Q2,5,16745,32651,-15906,-0.95,South,IT
2024-05-27,2024,2024Q2,5,13942,27431,-13489,-0.97,East,Finance
2024-05-30,2024,2024Q2,5,6759,32682,-25923,-3.84,East,Finance
2024-05-30,2024,2024Q2,5,9232,39643,-30411,-3.29,North,IT
2024-05-31,2024,2024Q2,5,11183,15975,-4792,-0.43,East,Marketing
2024-06-01,2024,2024Q2,6,29861,38875,-9014,-0.3,South,Finance
2024-06-02,2024,2024Q2,6,25420,31312,-5892,-0.23,North,Operations
2024-06-04,2024,2024Q2,6,48221,35142,13079,0.27,West,IT
2024-06-05,2024,2024Q2,6,32935,24168,8767,0.27,South,IT
2024-06-08,2024,2024Q2,6,6828,31197,-24369,-3.57,North,IT
2024-06-08,2024,2024Q2,6,47880,32158,15722,0.33,South,IT
2024-06-08,2024,2024Q2,6,15589,15605,-16,-0.0,West,Finance
2024-06-09,2024,2024Q2,6,34241,29733,4508,0.13,North,IT
2024-06-14,2024,2024Q2,6,31588,32682,-1094,-0.03,South,Operations
2024-06-15,2024,2024Q2,6,26510,2097,24413,0.92,East,IT
2024-06-21,2024,2024Q2,6,41220,8430,32790,0.8,West,Finance
2024-06-23,2024,2024Q2,6,10626,24263,-13637,-1.28,South,Operations
2024-06-24,2024,2024Q2,6,32139,5249,26890,0.84,East,Finance
2024-06-28,2024,2024Q2,6,14374,28062,-13688,-0.95,North,Operations
2024-06-30,2024,2024Q2,6,46949,20880,26069,0.56,West,Operations
2024-06-30,2024,2024Q2,6,10776,8710,2066,0.19,South,Marketing
2024-06-30,2024,2024Q2,6,30289,17563,12726,0.42,East,IT
2024-07-01,2024,2024Q3,7,37913,3828,34085,0.9,West,Operations
2024-07-04,2024,2024Q3,7,7336,25253,-17917,-2.44,South,Operations
2024-07-04,2024,2024Q3,7,16344,19153,-2809,-0.17,West,Operations
2024-07-07,2024,2024Q3,7,17199,29420,-12221,-0.71,East,IT
2024-07-09,2024,2024Q3,7,46605,26089,20516,0.44,West,IT
2024-07-09,2024,2024Q3,7,11640,31725,-20085,-1.73,North,IT
2024-07-09,2024,2024Q3,7,20183,35120,-14937,-0.74,South,IT
2024-07-09,2024,2024Q3,7,19859,4336,15523,0.78,South,IT
2024-07-10,2024,2024Q3,7,14111,25196,-11085,-0.79,East,IT
2024-07-11,2024,2024Q3,7,44341,9239,35102,0.79,South,Finance
2024-07-13,2024,2024Q3,7,43890,30758,13132,0.3,South,Finance
2024-07-14,2024,2024Q3,7,9544,25398,-15854,-1.66,South,Finance
2024-07-15,2024,2024Q3,7,41932,28911,13021,0.31,West,Marketing
2024-07-16,2024,2024Q3,7,46348,27291,19057,0.41,North,Marketing
2024-07-16,2024,2024Q3,7,42148,20752,21396,0.51,North,Marketing
2024-07-17,2024,2024Q3,7,45752,11108,34644,0.76,East,IT
2024-07-17,2024,2024Q3,7,15167,11200,3967,0.26,South,Operations
2024-07-17,2024,2024Q3,7,31172,3651,27521,0.88,West,Finance
2024-07-18,2024,2024Q3,7,22764,32254,-9490,-0.42,North,Operations
2024-07-18,2024,2024Q3,7,30934,17313,13621,0.44,West,Finance
2024-07-19,2024,2024Q3,7,18025,18994,-969,-0.05,North,Finance
2024-07-19,2024,2024Q3,7,9300,2661,6639,0.71,West,Operations
2024-07-19,2024,2024Q3,7,26852,8471,18381,0.68,North,Finance
2024-07-19,2024,2024Q3,7,35678,33055,2623,0.07,North,Finance
2024-07-20,2024,2024Q3,7,42626,28289,14337,0.34,North,Finance
2024-07-22,2024,2024Q3,7,23024,5471,17553,0.76,South,Operations
2024-07-23,2024,2024Q3,7,28752,12837,15915,0.55,West,IT
2024-07-23,2024,2024Q3,7,15682,39685,-24003,-1.53,South,Finance
2024-07-25,2024,2024Q3,7,21478,5040,16438,0.77,West,IT
2024-07-25,2024,2024Q3,7,36896,26817,10079,0.27,North,Marketing
2024-07-27,2024,2024Q3,7,43110,15669,27441,0.64,North,Operations
2024-07-27,2024,2024Q3,7,45441,15994,29447,0.65,East,Operations
2024-07-28,2024,2024Q3,7,20913,12724,8189,0.39,West,Marketing
2024-07-28,2024,2024Q3,7,17808,28715,-10907,-0.61,West,Finance
2024-07-30,2024,2024Q3,7,25662,10706,14956,0.58,East,Operations
2024-07-31,2024,2024Q3,7,9324,6470,2854,0.31,East,Finance
2024-08-02,2024,2024Q3,8,44282,34581,9701,0.22,East,Marketing
2024-08-03,2024,2024Q3,8,14130,12142,1988,0.14,North,Operations
2024-08-09,2024,2024Q3,8,38595,34496,4099,0.11,North,Finance
2024-08-10,2024,2024Q3,8,8972,24436,-15464,-1.72,West,Operations
2024-08-15,2024,2024Q3,8,5302,6599,-1297,-0.24,West,Marketing
2024-08-16,2024,2024Q3,8,13711,24447,-10736,-0.78,East,IT
2024-08-18,2024,2024Q3,8,29262,2161,27101,0.93,East,Operations
2024-08-23,2024,2024Q3,8,5481,38224,-32743,-5.97,East,Marketing
2024-08-23,2024,2024Q3,8,18051,10601,7450,0.41,North,Operations
2024-08-24,2024,2024Q3,8,8810,27498,-18688,-2.12,North,IT
2024-08-26,2024,2024Q3,8,18081,35160,-17079,-0.94,West,Finance
2024-08-27,2024,2024Q3,8,32788,38735,-5947,-0.18,East,Marketing
2024-08-29,2024,2024Q3,8,32345,31806,539,0.02,North,Finance
2024-08-29,2024,2024Q3,8,31737,30495,1242,0.04,South,IT
2024-08-30,2024,2024Q3,8,24216,5712,18504,0.76,East,Finance
2024-08-30,2024,2024Q3,8,42198,14258,27940,0.66,North,Finance
2024-08-31,2024,2024Q3,8,9944,13023,-3079,-0.31,North,Operations
2024-08-31,2024,2024Q3,8,41455,33010,8445,0.2,North,Finance
2024-09-01,2024,2024Q3,9,23574,8012,15562,0.66,South,IT
2024-09-02,2024,2024Q3,9,25103,33910,-8807,-0.35,North,Marketing
2024-09-03,2024,2024Q3,9,45042,23817,21225,0.47,West,Marketing
2024-09-03,2024,2024Q3,9,6750,35548,-28798,-4.27,South,Operations
2024-09-04,2024,2024Q3,9,36653,7542,29111,0.79,East,IT
2024-09-04,2024,2024Q3,9,34866,29044,5822,0.17,East,Finance
2024-09-04,2024,2024Q3,9,11229,38336,-27107,-2.41,East,Operations
2024-09-04,2024,2024Q3,9,13567,33010,-19443,-1.43,North,Finance
2024-09-06,2024,2024Q3,9,25309,7109,18200,0.72,West,IT
2024-09-08,2024,2024Q3,9,46773,4159,42614,0.91,South,IT
2024-09-11,2024,2024Q3,9,17875,18052,-177,-0.01,North,Operations
2024-09-11,2024,2024Q3,9,27350,17504,9846,0.36,South,Operations
2024-09-15,2024,2024Q3,9,25609,18035,7574,0.3,East,IT
2024-09-16,2024,2024Q3,9,41298,24443,16855,0.41,North,Operations
2024-09-16,2024,2024Q3,9,32306,31371,935,0.03,West,Operations
2024-09-17,2024,2024Q3,9,38039,37851,188,0.0,North,IT
2024-09-17,2024,2024Q3,9,11722,25429,-13707,-1.17,South,Operations
2024-09-19,2024,2024Q3,9,31215,33910,-2695,-0.09,North,Operations
2024-09-19,2024,2024Q3,9,44001,19087,24914,0.57,East,Marketing
2024-09-24,2024,2024Q3,9,7048,39873,-32825,-4.66,North,Operations
2024-09-25,2024,2024Q3,9,34192,20284,13908,0.41,South,IT
2024-09-25,2024,2024Q3,9,45483,9099,36384,0.8,East,Finance
2024-09-25,2024,2024Q3,9,16303,9710,6593,0.4,North,Finance
2024-09-27,2024,2024Q3,9,41397,16056,25341,0.61,North,IT
2024-09-29,2024,2024Q3,9,39832,4539,35293,0.89,West,Marketing
2024-09-29,2024,2024Q3,9,17112,28724,-11612,-0.68,East,Operations
2024-09-29,2024,2024Q3,9,24282,23636,646,0.03,South,Finance
2024-09-30,2024,2024Q3,9,12970,25563,-12593,-0.97,West,Operations
2024-10-01,2024,2024Q4,10,48082,37433,10649,0.22,North,IT
2024-10-01,2024,2024Q4,10,5846,39208,-33362,-5.71,West,Operations
2024-10-01,2024,2024Q4,10,22334,36068,-13734,-0.61,South,IT
2024-10-02,2024,2024Q4,10,28863,25472,3391,0.12,West,IT
2024-10-02,2024,2024Q4,10,24029,39384,-15355,-0.64,North,Operations
2024-10-03,2024,2024Q4,10,48925,24612,24313,0.5,North,IT
2024-10-04,2024,2024Q4,10,8596,16135,-7539,-0.88,West,IT
2024-10-07,2024,2024Q4,10,46427,17577,28850,0.62,East,IT
2024-10-08,2024,2024Q4,10,6252,35226,-28974,-4.63,South,IT
2024-10-09,2024,2024Q4,10,24623,39481,-14858,-0.6,West,IT
2024-10-09,2024,2024Q4,10,9432,37133,-27701,-2.94,East,Finance
2024-10-09,2024,2024Q4,10,21335,20489,846,0.04,South,Operations
2024-10-10,2024,2024Q4,10,25128,27923,-2795,-0.11,West,Marketing
2024-10-13,2024,2024Q4,10,10779,13695,-2916,-0.27,West,Operations
2024-10-14,2024,2024Q4,10,35220,3171,32049,0.91,South,Finance
2024-10-14,2024,2024Q4,10,43001,5384,37617,0.87,East,Marketing
2024-10-15,2024,2024Q4,10,18221,36406,-18185,-1.0,West,Operations
2024-10-16,2024,2024Q4,10,10622,8638,1984,0.19,East,Operations
2024-10-17,2024,2024Q4,10,46131,7439,38692,0.84,South,Finance
2024-10-17,2024,2024Q4,10,28650,12800,15850,0.55,North,Marketing
2024-10-17,2024,2024Q4,10,40796,35361,5435,0.13,South,Operations
2024-10-18,2024,2024Q4,10,37088,36742,346,0.01,North,IT
2024-10-18,2024,2024Q4,10,24250,21877,2373,0.1,West,Operations
2024-10-19,2024,2024Q4,10,19663,31252,-11589,-0.59,South,Finance
2024-10-20,2024,2024Q4,10,43709,32620,11089,0.25,North,Operations
2024-10-20,2024,2024Q4,10,21774,35453,-13679,-0.63,South,Operations
2024-10-20,2024,2024Q4,10,14984,37585,-22601,-1.51,North,Marketing
2024-10-20,2024,2024Q4,10,5814,11160,-5346,-0.92,North,Finance
2024-10-20,2024,2024Q4,10,32083,5137,26946,0.84,East,IT
2024-10-21,2024,2024Q4,10,12009,24669,-12660,-1.05,South,Finance
2024-10-21,2024,2024Q4,10,22586,5654,16932,0.75,South,Marketing
2024-10-23,2024,2024Q4,10,34189,23804,10385,0.3,South,Finance
2024-10-24,2024,2024Q4,10,9494,28661,-19167,-2.02,South,Operations
2024-10-24,2024,2024Q4,10,40822,18920,21902,0.54,North,IT
2024-10-25,2024,2024Q4,10,42265,25387,16878,0.4,West,Operations
2024-10-25,2024,2024Q4,10,40400,16537,23863,0.59,West,Operations
2024-10-25,2024,2024Q4,10,10287,9761,526,0.05,South,IT
2024-10-25,2024,2024Q4,10,5404,28143,-22739,-4.21,North,Operations
2024-10-26,2024,2024Q4,10,32856,33238,-382,-0.01,East,Marketing
2024-10-29,2024,2024Q4,10,16722,32932,-16210,-0.97,South,Marketing
2024-10-31,2024,2024Q4,10,6990,9446,-2456,-0.35,West,Finance
2024-10-31,2024,2024Q4,10,40835,28035,12800,0.31,West,Marketing
2024-11-02,2024,2024Q4,11,21984,10234,11750,0.53,North,IT
2024-11-02,2024,2024Q4,11,48336,19772,28564,0.59,East,Finance
2024-11-02,2024,2024Q4,11,14077,34316,-20239,-1.44,North,Finance
2024-11-03,2024,2024Q4,11,22368,34117,-11749,-0.53,East,IT
2024-11-05,2024,2024Q4,11,5055,37923,-32868,-6.5,North,Marketing
2024-11-05,2024,2024Q4,11,26776,15057,11719,0.44,North,Marketing
2024-11-06,2024,2024Q4,11,15816,7110,8706,0.55,North,Finance
2024-11-06,2024,2024Q4,11,38756,29624,9132,0.24,West,Operations
2024-11-06,2024,2024Q4,11,26427,19921,6506,0.25,West,Operations
2024-11-07,2024,2024Q4,11,21644,31165,-9521,-0.44,West,Marketing
2024-11-11,2024,2024Q4,11,40840,10258,30582,0.75,East,Finance
2024-11-12,2024,2024Q4,11,41187,5041,36146,0.88,West,Finance
2024-11-12,2024,2024Q4,11,7198,29286,-22088,-3.07,North,Operations
2024-11-12,2024,2024Q4,11,13996,8548,5448,0.39,East,Operations
2024-11-12,2024,2024Q4,11,15787,12225,3562,0.23,West,Operations
2024-11-14,2024,2024Q4,11,44809,38321,6488,0.14,South,Operations
2024-11-14,2024,2024Q4,11,45345,29598,15747,0.35,North,IT
2024-11-14,2024,2024Q4,11,40854,8099,32755,0.8,South,Operations
2024-11-15,2024,2024Q4,11,13073,11879,1194,0.09,South,Finance
2024-11-15,2024,2024Q4,11,39177,30141,9036,0.23,East,Marketing
2024-11-16,2024,2024Q4,11,24694,13138,11556,0.47,East,Operations
2024-11-17,2024,2024Q4,11,47944,28015,19929,0.42,East,IT
2024-11-18,2024,2024Q4,11,13577,35400,-21823,-1.61,North,Finance
2024-11-19,2024,2024Q4,11,37413,3013,34400,0.92,East,Operations
2024-11-20,2024,2024Q4,11,5614,21921,-16307,-2.9,West,Finance
2024-11-21,2024,2024Q4,11,18409,31739,-13330,-0.72,East,Operations
2024-11-21,2024,2024Q4,11,11738,22677,-10939,-0.93,North,Operations
2024-11-22,2024,2024Q4,11,37293,5726,31567,0.85,South,Marketing
2024-11-22,2024,2024Q4,11,16372,26282,-9910,-0.61,West,Finance
2024-11-23,2024,2024Q4,11,37284,36865,419,0.01,East,Operations
2024-11-25,2024,2024Q4,11,48001,38060,9941,0.21,East,IT
2024-11-27,2024,2024Q4,11,28393,19630,8763,0.31,East,Operations
2024-11-28,2024,2024Q4,11,33602,31118,2484,0.07,South,IT
2024-11-28,2024,2024Q4,11,7573,32874,-25301,-3.34,West,Finance
2024-11-29,2024,2024Q4,11,41332,7997,33335,0.81,South,Finance
2024-11-29,2024,2024Q4,11,32446,34556,-2110,-0.07,East,Marketing
2024-11-29,2024,2024Q4,11,13162,27537,-14375,-1.09,North,Operations
2024-11-30,2024,2024Q4,11,19489,11078,8411,0.43,South,Operations
2024-11-30,2024,2024Q4,11,43565,31619,11946,0.27,East,IT
2024-12-01,2024,2024Q4,12,28833,10712,18121,0.63,South,IT
2024-12-02,2024,2024Q4,12,33732,27849,5883,0.17,North,Operations
2024-12-03,2024,2024Q4,12,22144,10946,11198,0.51,North,Marketing
2024-12-04,2024,2024Q4,12,39008,24804,14204,0.36,North,Finance
2024-12-04,2024,2024Q4,12,16425,20658,-4233,-0.26,South,IT
2024-12-06,2024,2024Q4,12,27116,4475,22641,0.83,East,Marketing
2024-12-09,2024,2024Q4,12,25017,15521,9496,0.38,West,Finance
2024-12-10,2024,2024Q4,12,19060,27519,-8459,-0.44,East,Operations
2024-12-10,2024,2024Q4,12,25618,29208,-3590,-0.14,North,IT
2024-12-11,2024,2024Q4,12,15789,15673,116,0.01,North,Finance
2024-12-14,2024,2024Q4,12,31705,19073,12632,0.4,South,IT
2024-12-18,2024,2024Q4,12,16362,12720,3642,0.22,West,Finance
2024-12-20,2024,2024Q4,12,6645,16484,-9839,-1.48,North,Finance
2024-12-20,2024,2024Q4,12,26508,24015,2493,0.09,South,Operations
2024-12-24,2024,2024Q4,12,43158,31450,11708,0.27,West,Marketing
2024-12-25,2024,2024Q4,12,28954,33585,-4631,-0.16,East,Operations
2024-12-26,2024,2024Q4,12,43518,37946,5572,0.13,North,Marketing
2024-12-27,2024,2024Q4,12,25607,34371,-8764,-0.34,North,Marketing
2024-12-27,2024,2024Q4,12,9188,6703,2485,0.27,South,Operations
2024-12-27,2024,2024Q4,12,5545,31545,-26000,-4.69,North,IT
2024-12-28,2024,2024Q4,12,28333,25499,2834,0.1,West,Finance
2024-12-29,2024,2024Q4,12,29574,38751,-9177,-0.31,North,Marketing
2024-12-29,2024,2024Q4,12,20934,16226,4708,0.22,North,Finance
2024-12-30,2024,2024Q4,12,45118,18309,26809,0.59,West,Operations
2024-12-30,2024,2024Q4,12,25611,13563,12048,0.47,West,Marketing
2025-01-01,2025,2025Q1,1,12424,15565,-3141,-0.25,West,IT
2025-01-01,2025,2025Q1,1,23639,8411,15228,0.64,West,Marketing
2025-01-02,2025,2025Q1,1,45059,27122,17937,0.4,South,Marketing
2025-01-03,2025,2025Q1,1,10319,31921,-21602,-2.09,North,Marketing
2025-01-03,2025,2025Q1,1,8812,37057,-28245,-3.21,West,Marketing
2025-01-04,2025,2025Q1,1,23297,35937,-12640,-0.54,East,Marketing
2025-01-04,2025,2025Q1,1,15998,27709,-11711,-0.73,East,Marketing
2025-01-05,2025,2025Q1,1,28895,39804,-10909,-0.38,East,IT
2025-01-05,2025,2025Q1,1,40612,32573,8039,0.2,North,IT
2025-01-05,2025,2025Q1,1,35523,33348,2175,0.06,North,Finance
2025-01-08,2025,2025Q1,1,34926,28928,5998,0.17,East,Finance
2025-01-08,2025,2025Q1,1,29951,20313,9638,0.32,East,Marketing
2025-01-09,2025,2025Q1,1,24982,25648,-666,-0.03,East,Marketing
2025-01-10,2025,2025Q1,1,29762,25561,4201,0.14,East,IT
2025-01-12,2025,2025Q1,1,24123,39946,-15823,-0.66,South,Finance
2025-01-14,2025,2025Q1,1,47533,9848,37685,0.79,East,IT
2025-01-14,2025,2025Q1,1,28570,14329,14241,0.5,North,Finance
2025-01-17,2025,2025Q1,1,22100,25116,-3016,-0.14,North,IT
2025-01-18,2025,2025Q1,1,26969,14003,12966,0.48,East,Marketing
2025-01-18,2025,2025Q1,1,6605,17398,-10793,-1.63,East,Operations
2025-01-19,2025,2025Q1,1,18490,35004,-16514,-0.89,East,Marketing
2025-01-19,2025,2025Q1,1,41408,28189,13219,0.32,North,Finance
2025-01-20,2025,2025Q1,1,26754,9999,16755,0.63,North,Marketing
2025-01-20,2025,2025Q1,1,6762,33186,-26424,-3.91,North,IT
2025-01-21,2025,2025Q1,1,24994,35243,-10249,-0.41,East,Operations
2025-01-21,2025,2025Q1,1,16246,8894,7352,0.45,West,Finance
2025-01-23,2025,2025Q1,1,49481,18832,30649,0.62,North,Operations
2025-01-23,2025,2025Q1,1,14882,13918,964,0.06,East,Finance
2025-01-27,2025,2025Q1,1,42641,6583,36058,0.85,North,IT
2025-01-28,2025,2025Q1,1,25079,8610,16469,0.66,East,IT
2025-01-28,2025,2025Q1,1,22905,16215,6690,0.29,West,IT
2025-01-30,2025,2025Q1,1,17676,26286,-8610,-0.49,West,Operations
2025-01-31,2025,2025Q1,1,30064,28806,1258,0.04,North,Operations
2025-01-31,2025,2025Q1,1,33921,29935,3986,0.12,South,Marketing
2025-02-02,2025,2025Q1,2,30338,5648,24690,0.81,East,Finance
2025-02-02,2025,2025Q1,2,23755,25384,-1629,-0.07,North,IT
2025-02-02,2025,2025Q1,2,21907,23116,-1209,-0.06,South,Finance
2025-02-02,2025,2025Q1,2,29519,25486,4033,0.14,West,Marketing
2025-02-05,2025,2025Q1,2,13258,19658,-6400,-0.48,North,Finance
2025-02-05,2025,2025Q1,2,12804,23627,-10823,-0.85,North,Operations
2025-02-07,2025,2025Q1,2,13820,32841,-19021,-1.38,East,Operations
2025-02-07,2025,2025Q1,2,49243,19774,29469,0.6,South,Marketing
2025-02-08,2025,2025Q1,2,23384,32087,-8703,-0.37,South,Operations
2025-02-09,2025,2025Q1,2,36110,9052,27058,0.75,West,Marketing
2025-02-10,2025,2025Q1,2,41586,4920,36666,0.88,South,Finance
2025-02-11,2025,2025Q1,2,7125,4113,3012,0.42,East,Operations
2025-02-12,2025,2025Q1,2,45760,6795,38965,0.85,North,IT
2025-02-14,2025,2025Q1,2,14996,36196,-21200,-1.41,East,Finance
2025-02-14,2025,2025Q1,2,16382,33823,-17441,-1.06,South,Marketing
2025-02-14,2025,2025Q1,2,9757,18669,-8912,-0.91,South,Finance
2025-02-14,2025,2025Q1,2,48088,22022,26066,0.54,North,IT
2025-02-15,2025,2025Q1,2,13017,31545,-18528,-1.42,South,IT
2025-02-17,2025,2025Q1,2,37265,18393,18872,0.51,North,Operations
2025-02-18,2025,2025Q1,2,36883,29766,7117,0.19,West,IT
2025-02-18,2025,2025Q1,2,23030,18653,4377,0.19,South,Marketing
2025-02-21,2025,2025Q1,2,33538,8090,25448,0.76,East,IT
2025-02-21,2025,2025Q1,2,36889,9758,27131,0.74,West,Marketing
2025-02-22,2025,2025Q1,2,15396,15171,225,0.01,East,Operations
2025-02-23,2025,2025Q1,2,23922,10734,13188,0.55,North,Finance
2025-02-25,2025,2025Q1,2,26874,5191,21683,0.81,West,Finance
2025-02-25,2025,2025Q1,2,7719,32508,-24789,-3.21,East,IT
2025-02-28,2025,2025Q1,2,23023,11866,11157,0.48,South,Marketing
2025-03-01,2025,2025Q1,3,28150,27364,786,0.03,South,Marketing
2025-03-02,2025,2025Q1,3,18716,14201,4515,0.24,West,Finance
2025-03-02,2025,2025Q1,3,20023,30044,-10021,-0.5,South,Operations
2025-03-02,2025,2025Q1,3,8300,37298,-28998,-3.49,West,Marketing
2025-03-03,2025,2025Q1,3,49039,33552,15487,0.32,South,Finance
2025-03-05,2025,2025Q1,3,6591,9736,-3145,-0.48,South,Finance
2025-03-05,2025,2025Q1,3,11371,18001,-6630,-0.58,East,Finance
2025-03-06,2025,2025Q1,3,40358,19275,21083,0.52,North,IT
2025-03-06,2025,2025Q1,3,19043,24473,-5430,-0.29,East,Finance
2025-03-06,2025,2025Q1,3,5726,8256,-2530,-0.44,East,Finance
2025-03-08,2025,2025Q1,3,10655,21206,-10551,-0.99,South,Operations
2025-03-08,2025,2025Q1,3,32696,6895,25801,0.79,East,Operations
2025-03-08,2025,2025Q1,3,45970,8643,37327,0.81,East,IT
2025-03-08,2025,2025Q1,3,23935,2302,21633,0.9,North,IT
2025-03-10,2025,2025Q1,3,29557,17422,12135,0.41,East,IT
2025-03-11,2025,2025Q1,3,7708,7249,459,0.06,North,Marketing
2025-03-12,2025,2025Q1,3,46360,14275,32085,0.69,East,Operations
2025-03-12,2025,2025Q1,3,36987,32111,4876,0.13,West,Finance
2025-03-14,2025,2025Q1,3,14017,36782,-22765,-1.62,North,Marketing
2025-03-15,2025,2025Q1,3,44650,25040,19610,0.44,North,Finance
2025-03-16,2025,2025Q1,3,20106,10783,9323,0.46,North,IT
2025-03-17,2025,2025Q1,3,17219,33324,-16105,-0.94,South,Operations
2025-03-21,2025,2025Q1,3,5822,14677,-8855,-1.52,North,Finance
2025-03-23,2025,2025Q1,3,28321,14765,13556,0.48,East,IT
2025-03-25,2025,2025Q1,3,7353,8171,-818,-0.11,East,Operations
2025-03-25,2025,2025Q1,3,35707,8971,26736,0.75,North,Operations
2025-03-26,2025,2025Q1,3,36880,34007,2873,0.08,North,IT
2025-03-26,2025,2025Q1,3,15541,29213,-13672,-0.88,South,Finance
2025-03-26,2025,2025Q1,3,25806,20792,5014,0.19,South,Finance
2025-03-26,2025,2025Q1,3,46240,27963,18277,0.4,North,Finance
2025-03-28,2025,2025Q1,3,18859,33497,-14638,-0.78,South,Finance
2025-03-29,2025,2025Q1,3,49238,28630,20608,0.42,South,Operations
2025-03-29,2025,2025Q1,3,14865,28213,-13348,-0.9,North,Operations
2025-03-30,2025,2025Q1,3,37184,13130,24054,0.65,North,Marketing
2025-03-30,2025,2025Q1,3,40737,30411,10326,0.25,East,Operations
2025-04-01,2025,2025Q2,4,41244,38378,2866,0.07,North,Operations
2025-04-01,2025,2025Q2,4,17015,27658,-10643,-0.63,South,Operations
2025-04-02,2025,2025Q2,4,32529,27121,5408,0.17,East,Operations
2025-04-03,2025,2025Q2,4,10084,26259,-16175,-1.6,South,Finance
2025-04-03,2025,2025Q2,4,46652,16721,29931,0.64,North,IT
2025-04-04,2025,2025Q2,4,42609,7448,35161,0.83,East,IT
2025-04-05,2025,2025Q2,4,13436,21033,-7597,-0.57,West,Finance
2025-04-06,2025,2025Q2,4,13512,35768,-22256,-1.65,West,IT
2025-04-07,2025,2025Q2,4,28236,27032,1204,0.04,East,Operations
2025-04-08,2025,2025Q2,4,36575,20745,15830,0.43,North,IT
2025-04-08,2025,2025Q2,4,16383,9521,6862,0.42,East,Marketing
2025-04-08,2025,2025Q2,4,14916,24641,-9725,-0.65,West,Finance
2025-04-09,2025,2025Q2,4,33769,30671,3098,0.09,North,Finance
2025-04-09,2025,2025Q2,4,41258,29723,11535,0.28,West,Operations
2025-04-10,2025,2025Q2,4,16555,34784,-18229,-1.1,West,IT
2025-04-11,2025,2025Q2,4,27928,27683,245,0.01,North,Operations
2025-04-12,2025,2025Q2,4,23088,11435,11653,0.5,North,Marketing
2025-04-13,2025,2025Q2,4,7106,39285,-32179,-4.53,West,Marketing
2025-04-14,2025,2025Q2,4,36705,3376,33329,0.91,North,Operations
2025-04-15,2025,2025Q2,4,48303,28987,19316,0.4,West,Operations
2025-04-16,2025,2025Q2,4,34711,13889,20822,0.6,South,IT
2025-04-16,2025,2025Q2,4,26526,15076,11450,0.43,West,Operations
2025-04-17,2025,2025Q2,4,21458,39605,-18147,-0.85,South,IT
2025-04-18,2025,2025Q2,4,10240,24861,-14621,-1.43,West,Operations
2025-04-18,2025,2025Q2,4,25119,24911,208,0.01,North,Operations
2025-04-19,2025,2025Q2,4,10122,35397,-25275,-2.5,West,Marketing
2025-04-20,2025,2025Q2,4,17173,2899,14274,0.83,East,Finance
2025-04-21,2025,2025Q2,4,45998,20450,25548,0.56,West,Marketing
2025-04-22,2025,2025Q2,4,9133,18370,-9237,-1.01,West,Operations
2025-04-28,2025,2025Q2,4,42114,4520,37594,0.89,West,Operations
2025-04-30,2025,2025Q2,4,47874,21194,26680,0.56,West,Finance
2025-05-01,2025,2025Q2,5,43727,27766,15961,0.37,South,Operations
2025-05-01,2025,2025Q2,5,24426,22714,1712,0.07,North,Marketing
2025-05-03,2025,2025Q2,5,25059,19347,5712,0.23,North,Marketing
2025-05-03,2025,2025Q2,5,33529,35535,-2006,-0.06,East,Finance
2025-05-04,2025,2025Q2,5,13007,37631,-24624,-1.89,North,Finance
2025-05-06,2025,2025Q2,5,27574,2525,25049,0.91,North,Marketing
2025-05-06,2025,2025Q2,5,26949,17525,9424,0.35,North,IT
2025-05-07,2025,2025Q2,5,23787,38768,-14981,-0.63,South,Operations
2025-05-07,2025,2025Q2,5,12943,2281,10662,0.82,South,Marketing
2025-05-10,2025,2025Q2,5,18350,6531,11819,0.64,South,IT
2025-05-10,2025,2025Q2,5,8368,4472,3896,0.47,West,IT
2025-05-10,2025,2025Q2,5,6015,13536,-7521,-1.25,East,Marketing
2025-05-12,2025,2025Q2,5,47679,14803,32876,0.69,East,Marketing
2025-05-13,2025,2025Q2,5,38187,7495,30692,0.8,East,Marketing
2025-05-13,2025,2025Q2,5,40240,30404,9836,0.24,West,Finance
2025-05-16,2025,2025Q2,5,42573,25225,17348,0.41,East,Finance
2025-05-16,2025,2025Q2,5,13646,12749,897,0.07,East,Marketing
2025-05-16,2025,2025Q2,5,46874,15828,31046,0.66,North,Finance
2025-05-18,2025,2025Q2,5,25144,25762,-618,-0.02,South,IT
2025-05-18,2025,2025Q2,5,17857,22354,-4497,-0.25,North,Finance
2025-05-20,2025,2025Q2,5,31734,22337,9397,0.3,South,IT
2025-05-21,2025,2025Q2,5,36480,16716,19764,0.54,South,Operations
2025-05-21,2025,2025Q2,5,32169,26363,5806,0.18,South,IT
2025-05-21,2025,2025Q2,5,7243,30552,-23309,-3.22,South,IT
2025-05-21,2025,2025Q2,5,5384,19773,-14389,-2.67,East,Finance
2025-05-21,2025,2025Q2,5,13152,21576,-8424,-0.64,East,IT
2025-05-22,2025,2025Q2,5,5806,31750,-25944,-4.47,East,IT
2025-05-25,2025,2025Q2,5,16700,32314,-15614,-0.93,East,Operations
2025-05-25,2025,2025Q2,5,29285,38679,-9394,-0.32,East,Finance
2025-05-26,2025,2025Q2,5,20646,12634,8012,0.39,South,IT
2025-05-27,2025,2025Q2,5,39560,7051,32509,0.82,East,IT
2025-05-28,2025,2025Q2,5,41668,28017,13651,0.33,East,IT
2025-05-28,2025,2025Q2,5,42011,11715,30296,0.72,West,IT
2025-05-29,2025,2025Q2,5,19899,18029,1870,0.09,South,IT
2025-05-30,2025,2025Q2,5,40442,28160,12282,0.3,South,IT
2025-05-30,2025,2025Q2,5,39636,38727,909,0.02,West,Finance
2025-06-01,2025,2025Q2,6,13782,4285,9497,0.69,East,Finance
2025-06-01,2025,2025Q2,6,12083,3382,8701,0.72,South,Operations
2025-06-01,2025,2025Q2,6,41368,22103,19265,0.47,West,IT
2025-06-02,2025,2025Q2,6,42438,39650,2788,0.07,North,Finance
2025-06-02,2025,2025Q2,6,34402,24420,9982,0.29,South,Operations
2025-06-03,2025,2025Q2,6,6524,26034,-19510,-2.99,South,Marketing
2025-06-03,2025,2025Q2,6,31685,18184,13501,0.43,North,IT
2025-06-04,2025,2025Q2,6,29860,23008,6852,0.23,East,Finance
2025-06-04,2025,2025Q2,6,41124,3727,37397,0.91,North,Marketing
2025-06-09,2025,2025Q2,6,15222,32447,-17225,-1.13,South,Marketing
2025-06-10,2025,2025Q2,6,20728,17360,3368,0.16,West,Finance
2025-06-10,2025,2025Q2,6,33071,35328,-2257,-0.07,East,Operations
2025-06-13,2025,2025Q2,6,6007,30228,-24221,-4.03,West,IT
2025-06-14,2025,2025Q2,6,18718,5713,13005,0.69,East,IT
2025-06-14,2025,2025Q2,6,37409,12526,24883,0.67,West,Marketing
2025-06-14,2025,2025Q2,6,11737,31334,-19597,-1.67,East,IT
2025-06-15,2025,2025Q2,6,15147,31344,-16197,-1.07,West,Finance
2025-06-15,2025,2025Q2,6,39888,37479,2409,0.06,East,Operations
2025-06-16,2025,2025Q2,6,28386,17349,11037,0.39,West,IT
2025-06-16,2025,2025Q2,6,18737,38495,-19758,-1.05,North,IT
2025-06-18,2025,2025Q2,6,22260,27611,-5351,-0.24,South,Operations
2025-06-21,2025,2025Q2,6,21371,39900,-18529,-0.87,North,Marketing
2025-06-21,2025,2025Q2,6,24978,31794,-6816,-0.27,West,Marketing
2025-06-24,2025,2025Q2,6,24541,13435,11106,0.45,East,Operations
2025-06-25,2025,2025Q2,6,7192,29117,-21925,-3.05,East,Marketing
2025-06-26,2025,2025Q2,6,34077,25253,8824,0.26,West,IT
2025-06-26,2025,2025Q2,6,22850,30444,-7594,-0.33,East,Finance
2025-06-27,2025,2025Q2,6,26563,12403,14160,0.53,South,Marketing
2025-06-30,2025,2025Q2,6,49623,36964,12659,0.26,South,IT
2025-07-01,2025,2025Q3,7,14903,31309,-16406,-1.1,East,Finance
2025-07-02,2025,2025Q3,7,8797,8704,93,0.01,North,Marketing
2025-07-03,2025,2025Q3,7,19199,18044,1155,0.06,East,IT
2025-07-04,2025,2025Q3,7,44224,2661,41563,0.94,North,Operations
2025-07-08,2025,2025Q3,7,49460,36947,12513,0.25,South,Operations
2025-07-08,2025,2025Q3,7,20328,25164,-4836,-0.24,North,Finance
2025-07-09,2025,2025Q3,7,36419,38618,-2199,-0.06,West,Finance
2025-07-09,2025,2025Q3,7,44110,31139,12971,0.29,East,IT
2025-07-10,2025,2025Q3,7,34969,16566,18403,0.53,West,Finance
2025-07-10,2025,2025Q3,7,44749,31426,13323,0.3,North,IT
2025-07-11,2025,2025Q3,7,6980,23253,-16273,-2.33,South,Operations
2025-07-13,2025,2025Q3,7,39375,23800,15575,0.4,East,Marketing
2025-07-16,2025,2025Q3,7,39249,9373,29876,0.76,South,Marketing
2025-07-17,2025,2025Q3,7,46124,30179,15945,0.35,South,Finance
2025-07-17,2025,2025Q3,7,49028,17222,31806,0.65,East,Operations
2025-07-17,2025,2025Q3,7,40435,38850,1585,0.04,East,Marketing
2025-07-17,2025,2025Q3,7,21661,27470,-5809,-0.27,West,Operations
2025-07-17,2025,2025Q3,7,31385,8852,22533,0.72,East,IT
2025-07-18,2025,2025Q3,7,22302,12831,9471,0.42,West,Operations
2025-07-20,2025,2025Q3,7,24963,6790,18173,0.73,West,IT
2025-07-20,2025,2025Q3,7,26951,26489,462,0.02,East,Marketing
2025-07-22,2025,2025Q3,7,18507,25017,-6510,-0.35,West,Marketing
2025-07-23,2025,2025Q3,7,28265,34373,-6108,-0.22,West,Marketing
2025-07-23,2025,2025Q3,7,15706,33703,-17997,-1.15,North,Marketing
2025-07-24,2025,2025Q3,7,37154,25669,11485,0.31,South,IT
2025-07-24,2025,2025Q3,7,16664,39487,-22823,-1.37,East,Marketing
2025-07-31,2025,2025Q3,7,9632,11847,-2215,-0.23,East,IT
2025-07-31,2025,2025Q3,7,29160,37732,-8572,-0.29,South,Marketing
2025-07-31,2025,2025Q3,7,42660,6780,35880,0.84,West,IT
2025-08-03,2025,2025Q3,8,34486,8295,26191,0.76,East,Marketing
2025-08-03,2025,2025Q3,8,24129,39051,-14922,-0.62,West,Marketing
2025-08-05,2025,2025Q3,8,38660,36051,2609,0.07,East,IT
2025-08-08,2025,2025Q3,8,11819,5631,6188,0.52,South,Operations
2025-08-09,2025,2025Q3,8,10256,16437,-6181,-0.6,West,Finance
2025-08-10,2025,2025Q3,8,21389,39380,-17991,-0.84,West,Finance
2025-08-10,2025,2025Q3,8,48872,11852,37020,0.76,South,Finance
2025-08-10,2025,2025Q3,8,37232,20708,16524,0.44,North,Finance
2025-08-11,2025,2025Q3,8,34125,28201,5924,0.17,North,Marketing
2025-08-12,2025,2025Q3,8,36273,20743,15530,0.43,North,Marketing
2025-08-12,2025,2025Q3,8,13666,31328,-17662,-1.29,North,Operations
2025-08-13,2025,2025Q3,8,36703,15612,21091,0.57,East,Operations
2025-08-13,2025,2025Q3,8,8636,37488,-28852,-3.34,South,Finance
2025-08-14,2025,2025Q3,8,24256,36503,-12247,-0.5,West,Operations
2025-08-14,2025,2025Q3,8,35907,22567,13340,0.37,South,Operations
2025-08-15,2025,2025Q3,8,18234,33463,-15229,-0.84,North,Operations
2025-08-15,2025,2025Q3,8,33470,14504,18966,0.57,North,Finance
2025-08-15,2025,2025Q3,8,42131,20440,21691,0.51,West,Operations
2025-08-15,2025,2025Q3,8,13427,35320,-21893,-1.63,North,Finance
2025-08-15,2025,2025Q3,8,44051,6033,38018,0.86,East,Operations
2025-08-15,2025,2025Q3,8,16637,2956,13681,0.82,East,IT
2025-08-16,2025,2025Q3,8,24440,25128,-688,-0.03,West,Marketing
2025-08-16,2025,2025Q3,8,42599,7693,34906,0.82,East,Operations
2025-08-17,2025,2025Q3,8,29917,21169,8748,0.29,South,Operations
2025-08-18,2025,2025Q3,8,6062,28788,-22726,-3.75,East,Operations
2025-08-19,2025,2025Q3,8,18575,33822,-15247,-0.82,South,Operations
2025-08-20,2025,2025Q3,8,33145,29065,4080,0.12,South,Finance
2025-08-20,2025,2025Q3,8,10408,26611,-16203,-1.56,South,Marketing
2025-08-25,2025,2025Q3,8,22482,32933,-10451,-0.46,East,Finance
2025-08-25,2025,2025Q3,8,24915,19625,5290,0.21,South,Marketing
2025-08-27,2025,2025Q3,8,18919,16042,2877,0.15,East,IT
2025-08-28,2025,2025Q3,8,21422,14819,6603,0.31,North,Finance
2025-08-29,2025,2025Q3,8,6279,25312,-19033,-3.03,West,IT
2025-08-29,2025,2025Q3,8,18261,8519,9742,0.53,South,Marketing
2025-08-30,2025,2025Q3,8,17941,7704,10237,0.57,North,Marketing
2025-08-30,2025,2025Q3,8,26736,24360,2376,0.09,East,Finance
2025-08-31,2025,2025Q3,8,31212,33182,-1970,-0.06,West,Operations
2025-09-01,2025,2025Q3,9,39387,33116,6271,0.16,North,IT
2025-09-02,2025,2025Q3,9,48125,27003,21122,0.44,East,Operations
2025-09-04,2025,2025Q3,9,45600,9909,35691,0.78,West,IT
2025-09-07,2025,2025Q3,9,42641,22609,20032,0.47,East,Operations
2025-09-08,2025,2025Q3,9,24096,30211,-6115,-0.25,North,Operations
2025-09-09,2025,2025Q3,9,15093,30937,-15844,-1.05,North,Operations
2025-09-12,2025,2025Q3,9,14503,13916,587,0.04,East,IT
2025-09-13,2025,2025Q3,9,15267,8116,7151,0.47,South,IT
2025-09-14,2025,2025Q3,9,42380,12617,29763,0.7,West,IT
2025-09-14,2025,2025Q3,9,39268,19030,20238,0.52,East,Finance
2025-09-16,2025,2025Q3,9,45631,38451,7180,0.16,West,IT
2025-09-18,2025,2025Q3,9,22029,6798,15231,0.69,West,Finance
2025-09-19,2025,2025Q3,9,31657,27476,4181,0.13,West,Marketing
2025-09-19,2025,2025Q3,9,30522,10264,20258,0.66,North,Operations
2025-09-22,2025,2025Q3,9,27415,36839,-9424,-0.34,South,Operations
2025-09-22,2025,2025Q3,9,39622,37196,2426,0.06,South,IT
2025-09-23,2025,2025Q3,9,46832,28523,18309,0.39,North,IT
2025-09-23,2025,2025Q3,9,24933,15279,9654,0.39,North,IT
2025-09-25,2025,2025Q3,9,30280,15109,15171,0.5,West,Finance
2025-09-25,2025,2025Q3,9,42904,18531,24373,0.57,East,Finance
